{
    "node_A": {
        "cpu_0": 4,
        "cpu_reserve": 2.542,
        "mem_0": 4096,
        "mem_reserve": 2814.4217000000003,
        "svc_num": 15,
        "deployment": {
            "svc_a": 3,
            "svc_b": 3,
            "svc_c": 3,
            "svc_d": 3,
            "svc_e": 3
        }
    },
    "node_B": {
        "cpu_0": 4,
        "cpu_reserve": 2.542,
        "mem_0": 4096,
        "mem_reserve": 2814.4217000000003,
        "svc_num": 15,
        "deployment": {
            "svc_a": 3,
            "svc_b": 3,
            "svc_c": 3,
            "svc_d": 3,
            "svc_e": 3
        }
    },
    "node_C": {
        "cpu_0": 4,
        "cpu_reserve": 2.5153000000000003,
        "mem_0": 4096,
        "mem_reserve": 2785.5181000000002,
        "svc_num": 15,
        "deployment": {
            "svc_a": 3,
            "svc_b": 3,
            "svc_c": 3,
            "svc_d": 3,
            "svc_e": 3
        }
    },
    "node_D": {
        "cpu_0": 4,
        "cpu_reserve": 2.5153000000000003,
        "mem_0": 4096,
        "mem_reserve": 2785.5181000000002,
        "svc_num": 15,
        "deployment": {
            "svc_a": 3,
            "svc_b": 3,
            "svc_c": 3,
            "svc_d": 3,
            "svc_e": 3
        }
    },
    "node_E": {
        "cpu_0": 4,
        "cpu_reserve": 2.6198,
        "mem_0": 4096,
        "mem_reserve": 2860.372300000001,
        "svc_num": 15,
        "deployment": {
            "svc_a": 3,
            "svc_b": 3,
            "svc_c": 3,
            "svc_d": 3,
            "svc_e": 3
        }
    },
    "node_F": {
        "cpu_0": 4,
        "cpu_reserve": 2.6198,
        "mem_0": 4096,
        "mem_reserve": 2860.372300000001,
        "svc_num": 15,
        "deployment": {
            "svc_a": 3,
            "svc_b": 3,
            "svc_c": 3,
            "svc_d": 3,
            "svc_e": 3
        }
    },
    "node_G": {
        "cpu_0": 4,
        "cpu_reserve": 2.4999000000000002,
        "mem_0": 4096,
        "mem_reserve": 2840.6551000000004,
        "svc_num": 15,
        "deployment": {
            "svc_a": 3,
            "svc_b": 3,
            "svc_c": 3,
            "svc_d": 3,
            "svc_e": 3
        }
    },
    "node_H": {
        "cpu_0": 4,
        "cpu_reserve": 2.4999000000000002,
        "mem_0": 4096,
        "mem_reserve": 2840.6551000000004,
        "svc_num": 15,
        "deployment": {
            "svc_a": 3,
            "svc_b": 3,
            "svc_c": 3,
            "svc_d": 3,
            "svc_e": 3
        }
    },
    "node_I": {
        "cpu_0": 4,
        "cpu_reserve": 2.5875999999999997,
        "mem_0": 4096,
        "mem_reserve": 2783.2155000000007,
        "svc_num": 15,
        "deployment": {
            "svc_a": 3,
            "svc_b": 3,
            "svc_c": 3,
            "svc_d": 3,
            "svc_e": 3
        }
    },
    "node_J": {
        "cpu_0": 4,
        "cpu_reserve": 2.5875999999999997,
        "mem_0": 4096,
        "mem_reserve": 2783.2155000000007,
        "svc_num": 15,
        "deployment": {
            "svc_a": 3,
            "svc_b": 3,
            "svc_c": 3,
            "svc_d": 3,
            "svc_e": 3
        }
    }
}