{
    "node_A": {
        "cpu_0": 4,
        "cpu_reserve": 1.1275000000000002,
        "mem_0": 4096,
        "mem_reserve": 1457.2722000000008,
        "svc_num": 30,
        "deployment": {
            "svc_a": 6,
            "svc_b": 6,
            "svc_c": 6,
            "svc_d": 6,
            "svc_e": 6
        }
    },
    "node_B": {
        "cpu_0": 4,
        "cpu_reserve": 1.1275000000000002,
        "mem_0": 4096,
        "mem_reserve": 1457.2722000000008,
        "svc_num": 30,
        "deployment": {
            "svc_a": 6,
            "svc_b": 6,
            "svc_c": 6,
            "svc_d": 6,
            "svc_e": 6
        }
    },
    "node_C": {
        "cpu_0": 4,
        "cpu_reserve": 1.1179000000000001,
        "mem_0": 4096,
        "mem_reserve": 1611.1522000000007,
        "svc_num": 30,
        "deployment": {
            "svc_a": 6,
            "svc_b": 6,
            "svc_c": 6,
            "svc_d": 6,
            "svc_e": 6
        }
    },
    "node_D": {
        "cpu_0": 4,
        "cpu_reserve": 1.1179000000000001,
        "mem_0": 4096,
        "mem_reserve": 1611.1522000000007,
        "svc_num": 30,
        "deployment": {
            "svc_a": 6,
            "svc_b": 6,
            "svc_c": 6,
            "svc_d": 6,
            "svc_e": 6
        }
    },
    "node_E": {
        "cpu_0": 4,
        "cpu_reserve": 1.1104000000000003,
        "mem_0": 4096,
        "mem_reserve": 1513.1206000000009,
        "svc_num": 30,
        "deployment": {
            "svc_a": 6,
            "svc_b": 6,
            "svc_c": 6,
            "svc_d": 6,
            "svc_e": 6
        }
    },
    "node_F": {
        "cpu_0": 4,
        "cpu_reserve": 1.1104000000000003,
        "mem_0": 4096,
        "mem_reserve": 1513.1206000000009,
        "svc_num": 30,
        "deployment": {
            "svc_a": 6,
            "svc_b": 6,
            "svc_c": 6,
            "svc_d": 6,
            "svc_e": 6
        }
    },
    "node_G": {
        "cpu_0": 4,
        "cpu_reserve": 1.1372,
        "mem_0": 4096,
        "mem_reserve": 1594.2554000000007,
        "svc_num": 30,
        "deployment": {
            "svc_a": 6,
            "svc_b": 6,
            "svc_c": 6,
            "svc_d": 6,
            "svc_e": 6
        }
    },
    "node_H": {
        "cpu_0": 4,
        "cpu_reserve": 1.1372,
        "mem_0": 4096,
        "mem_reserve": 1594.2554000000007,
        "svc_num": 30,
        "deployment": {
            "svc_a": 6,
            "svc_b": 6,
            "svc_c": 6,
            "svc_d": 6,
            "svc_e": 6
        }
    },
    "node_I": {
        "cpu_0": 4,
        "cpu_reserve": 1.0361999999999998,
        "mem_0": 4096,
        "mem_reserve": 1512.565000000001,
        "svc_num": 30,
        "deployment": {
            "svc_a": 6,
            "svc_b": 6,
            "svc_c": 6,
            "svc_d": 6,
            "svc_e": 6
        }
    },
    "node_J": {
        "cpu_0": 4,
        "cpu_reserve": 1.0361999999999998,
        "mem_0": 4096,
        "mem_reserve": 1512.565000000001,
        "svc_num": 30,
        "deployment": {
            "svc_a": 6,
            "svc_b": 6,
            "svc_c": 6,
            "svc_d": 6,
            "svc_e": 6
        }
    }
}