{
    "node_A": {
        "cpu_0": 4,
        "cpu_reserve": 0.5513000000000009,
        "mem_0": 4096,
        "mem_reserve": 966.1028,
        "svc_num": 35,
        "deployment": {
            "svc_a": 7,
            "svc_b": 7,
            "svc_c": 7,
            "svc_d": 7,
            "svc_e": 7
        }
    },
    "node_B": {
        "cpu_0": 4,
        "cpu_reserve": 0.5221000000000003,
        "mem_0": 4096,
        "mem_reserve": 996.8784000000002,
        "svc_num": 35,
        "deployment": {
            "svc_a": 7,
            "svc_b": 7,
            "svc_c": 7,
            "svc_d": 7,
            "svc_e": 7
        }
    },
    "node_C": {
        "cpu_0": 4,
        "cpu_reserve": 0.5275000000000003,
        "mem_0": 4096,
        "mem_reserve": 1010.5187000000002,
        "svc_num": 35,
        "deployment": {
            "svc_a": 7,
            "svc_b": 7,
            "svc_c": 7,
            "svc_d": 7,
            "svc_e": 7
        }
    },
    "node_D": {
        "cpu_0": 4,
        "cpu_reserve": 0.5298999999999999,
        "mem_0": 4096,
        "mem_reserve": 1080.2873,
        "svc_num": 35,
        "deployment": {
            "svc_a": 7,
            "svc_b": 7,
            "svc_c": 7,
            "svc_d": 7,
            "svc_e": 7
        }
    },
    "node_E": {
        "cpu_0": 4,
        "cpu_reserve": 0.48570000000000063,
        "mem_0": 4096,
        "mem_reserve": 995.9578000000002,
        "svc_num": 35,
        "deployment": {
            "svc_a": 7,
            "svc_b": 7,
            "svc_c": 7,
            "svc_d": 7,
            "svc_e": 7
        }
    },
    "node_F": {
        "cpu_0": 4,
        "cpu_reserve": 0.48570000000000063,
        "mem_0": 4096,
        "mem_reserve": 995.9578000000002,
        "svc_num": 35,
        "deployment": {
            "svc_a": 7,
            "svc_b": 7,
            "svc_c": 7,
            "svc_d": 7,
            "svc_e": 7
        }
    },
    "node_G": {
        "cpu_0": 4,
        "cpu_reserve": 0.5239000000000001,
        "mem_0": 4096,
        "mem_reserve": 1101.0803,
        "svc_num": 35,
        "deployment": {
            "svc_a": 7,
            "svc_b": 7,
            "svc_c": 7,
            "svc_d": 7,
            "svc_e": 7
        }
    },
    "node_H": {
        "cpu_0": 4,
        "cpu_reserve": 0.5443000000000006,
        "mem_0": 4096,
        "mem_reserve": 1074.1584,
        "svc_num": 35,
        "deployment": {
            "svc_a": 7,
            "svc_b": 7,
            "svc_c": 7,
            "svc_d": 7,
            "svc_e": 7
        }
    },
    "node_I": {
        "cpu_0": 4,
        "cpu_reserve": 0.5443000000000006,
        "mem_0": 4096,
        "mem_reserve": 1074.1584,
        "svc_num": 35,
        "deployment": {
            "svc_a": 7,
            "svc_b": 7,
            "svc_c": 7,
            "svc_d": 7,
            "svc_e": 7
        }
    },
    "node_J": {
        "cpu_0": 4,
        "cpu_reserve": 0.5561000000000008,
        "mem_0": 4096,
        "mem_reserve": 971.4862999999999,
        "svc_num": 35,
        "deployment": {
            "svc_a": 7,
            "svc_b": 7,
            "svc_c": 7,
            "svc_d": 7,
            "svc_e": 7
        }
    }
}