{
    "node_A": {
        "cpu_0": 4,
        "cpu_reserve": 0.2820000000000009,
        "mem_0": 4096,
        "mem_reserve": 820.0649,
        "svc_num": 38,
        "deployment": {
            "svc_a": 8,
            "svc_b": 8,
            "svc_c": 7,
            "svc_d": 8,
            "svc_e": 7
        }
    },
    "node_B": {
        "cpu_0": 4,
        "cpu_reserve": 0.3029000000000007,
        "mem_0": 4096,
        "mem_reserve": 816.4530999999998,
        "svc_num": 36,
        "deployment": {
            "svc_a": 7,
            "svc_b": 8,
            "svc_c": 7,
            "svc_d": 7,
            "svc_e": 7
        }
    },
    "node_C": {
        "cpu_0": 4,
        "cpu_reserve": 0.28729999999999967,
        "mem_0": 4096,
        "mem_reserve": 812.3511,
        "svc_num": 37,
        "deployment": {
            "svc_a": 7,
            "svc_b": 7,
            "svc_c": 8,
            "svc_d": 8,
            "svc_e": 7
        }
    },
    "node_D": {
        "cpu_0": 4,
        "cpu_reserve": 0.28729999999999967,
        "mem_0": 4096,
        "mem_reserve": 812.3511,
        "svc_num": 37,
        "deployment": {
            "svc_a": 7,
            "svc_b": 7,
            "svc_c": 8,
            "svc_d": 8,
            "svc_e": 7
        }
    },
    "node_E": {
        "cpu_0": 4,
        "cpu_reserve": 0.26069999999999993,
        "mem_0": 4096,
        "mem_reserve": 843.3897000000003,
        "svc_num": 38,
        "deployment": {
            "svc_a": 7,
            "svc_b": 8,
            "svc_c": 8,
            "svc_d": 8,
            "svc_e": 7
        }
    },
    "node_F": {
        "cpu_0": 4,
        "cpu_reserve": 0.24790000000000065,
        "mem_0": 4096,
        "mem_reserve": 822.5655000000002,
        "svc_num": 39,
        "deployment": {
            "svc_a": 8,
            "svc_b": 8,
            "svc_c": 8,
            "svc_d": 7,
            "svc_e": 8
        }
    },
    "node_G": {
        "cpu_0": 4,
        "cpu_reserve": 0.2934000000000007,
        "mem_0": 4096,
        "mem_reserve": 780.2289000000002,
        "svc_num": 37,
        "deployment": {
            "svc_a": 7,
            "svc_b": 7,
            "svc_c": 7,
            "svc_d": 8,
            "svc_e": 8
        }
    },
    "node_H": {
        "cpu_0": 4,
        "cpu_reserve": 0.3073000000000012,
        "mem_0": 4096,
        "mem_reserve": 767.7610999999999,
        "svc_num": 38,
        "deployment": {
            "svc_a": 8,
            "svc_b": 7,
            "svc_c": 8,
            "svc_d": 7,
            "svc_e": 8
        }
    },
    "node_I": {
        "cpu_0": 4,
        "cpu_reserve": 0.3558000000000008,
        "mem_0": 4096,
        "mem_reserve": 878.7380000000002,
        "svc_num": 37,
        "deployment": {
            "svc_a": 8,
            "svc_b": 7,
            "svc_c": 7,
            "svc_d": 7,
            "svc_e": 8
        }
    },
    "node_J": {
        "cpu_0": 4,
        "cpu_reserve": 0.27120000000000094,
        "mem_0": 4096,
        "mem_reserve": 796.6131999999998,
        "svc_num": 38,
        "deployment": {
            "svc_a": 8,
            "svc_b": 8,
            "svc_c": 7,
            "svc_d": 7,
            "svc_e": 8
        }
    }
}