{
    "node_A": {
        "cpu_0": 4,
        "cpu_reserve": 0.9139000000000004,
        "mem_0": 4096,
        "mem_reserve": 1476.1700000000008,
        "svc_num": 35,
        "deployment": {
            "svc_a": 7,
            "svc_b": 7,
            "svc_c": 7,
            "svc_d": 7,
            "svc_e": 7
        }
    },
    "node_B": {
        "cpu_0": 4,
        "cpu_reserve": 0.9383000000000004,
        "mem_0": 4096,
        "mem_reserve": 1412.1513000000011,
        "svc_num": 35,
        "deployment": {
            "svc_a": 7,
            "svc_b": 7,
            "svc_c": 7,
            "svc_d": 7,
            "svc_e": 7
        }
    },
    "node_C": {
        "cpu_0": 4,
        "cpu_reserve": 0.9383000000000004,
        "mem_0": 4096,
        "mem_reserve": 1412.1513000000011,
        "svc_num": 35,
        "deployment": {
            "svc_a": 7,
            "svc_b": 7,
            "svc_c": 7,
            "svc_d": 7,
            "svc_e": 7
        }
    },
    "node_D": {
        "cpu_0": 4,
        "cpu_reserve": 1.032800000000001,
        "mem_0": 4096,
        "mem_reserve": 1418.2041000000004,
        "svc_num": 35,
        "deployment": {
            "svc_a": 7,
            "svc_b": 7,
            "svc_c": 7,
            "svc_d": 7,
            "svc_e": 7
        }
    },
    "node_E": {
        "cpu_0": 4,
        "cpu_reserve": 0.9282000000000011,
        "mem_0": 4096,
        "mem_reserve": 1317.3874000000005,
        "svc_num": 35,
        "deployment": {
            "svc_a": 7,
            "svc_b": 7,
            "svc_c": 7,
            "svc_d": 7,
            "svc_e": 7
        }
    },
    "node_F": {
        "cpu_0": 4,
        "cpu_reserve": 0.9359000000000012,
        "mem_0": 4096,
        "mem_reserve": 1295.8830000000007,
        "svc_num": 35,
        "deployment": {
            "svc_a": 7,
            "svc_b": 7,
            "svc_c": 7,
            "svc_d": 7,
            "svc_e": 7
        }
    },
    "node_G": {
        "cpu_0": 4,
        "cpu_reserve": 1.034500000000001,
        "mem_0": 4096,
        "mem_reserve": 1417.4927000000007,
        "svc_num": 35,
        "deployment": {
            "svc_a": 7,
            "svc_b": 7,
            "svc_c": 7,
            "svc_d": 7,
            "svc_e": 7
        }
    },
    "node_H": {
        "cpu_0": 4,
        "cpu_reserve": 0.9133000000000002,
        "mem_0": 4096,
        "mem_reserve": 1467.9132000000006,
        "svc_num": 35,
        "deployment": {
            "svc_a": 7,
            "svc_b": 7,
            "svc_c": 7,
            "svc_d": 7,
            "svc_e": 7
        }
    },
    "node_I": {
        "cpu_0": 4,
        "cpu_reserve": 0.9403000000000008,
        "mem_0": 4096,
        "mem_reserve": 1367.1914000000002,
        "svc_num": 35,
        "deployment": {
            "svc_a": 7,
            "svc_b": 7,
            "svc_c": 7,
            "svc_d": 7,
            "svc_e": 7
        }
    },
    "node_J": {
        "cpu_0": 4,
        "cpu_reserve": 0.9403000000000008,
        "mem_0": 4096,
        "mem_reserve": 1367.1914000000002,
        "svc_num": 35,
        "deployment": {
            "svc_a": 7,
            "svc_b": 7,
            "svc_c": 7,
            "svc_d": 7,
            "svc_e": 7
        }
    }
}