{
    "node_A": {
        "cpu_0": 4,
        "cpu_reserve": 2.7917000000000005,
        "mem_0": 4096,
        "mem_reserve": 2976.794900000001,
        "svc_num": 12,
        "deployment": {
            "svc_a": 3,
            "svc_b": 2,
            "svc_c": 2,
            "svc_d": 3,
            "svc_e": 2
        }
    },
    "node_B": {
        "cpu_0": 4,
        "cpu_reserve": 2.7707,
        "mem_0": 4096,
        "mem_reserve": 2951.9454000000005,
        "svc_num": 13,
        "deployment": {
            "svc_a": 3,
            "svc_b": 2,
            "svc_c": 2,
            "svc_d": 3,
            "svc_e": 3
        }
    },
    "node_C": {
        "cpu_0": 4,
        "cpu_reserve": 2.7820000000000005,
        "mem_0": 4096,
        "mem_reserve": 2983.4363000000003,
        "svc_num": 13,
        "deployment": {
            "svc_a": 3,
            "svc_b": 3,
            "svc_c": 2,
            "svc_d": 3,
            "svc_e": 2
        }
    },
    "node_D": {
        "cpu_0": 4,
        "cpu_reserve": 2.7668000000000004,
        "mem_0": 4096,
        "mem_reserve": 2971.0205000000005,
        "svc_num": 11,
        "deployment": {
            "svc_a": 3,
            "svc_b": 2,
            "svc_c": 2,
            "svc_d": 2,
            "svc_e": 2
        }
    },
    "node_E": {
        "cpu_0": 4,
        "cpu_reserve": 2.8085999999999998,
        "mem_0": 4096,
        "mem_reserve": 3065.7774,
        "svc_num": 13,
        "deployment": {
            "svc_a": 2,
            "svc_b": 3,
            "svc_c": 3,
            "svc_d": 2,
            "svc_e": 3
        }
    },
    "node_F": {
        "cpu_0": 4,
        "cpu_reserve": 2.8085999999999998,
        "mem_0": 4096,
        "mem_reserve": 3065.7774,
        "svc_num": 13,
        "deployment": {
            "svc_a": 2,
            "svc_b": 3,
            "svc_c": 3,
            "svc_d": 2,
            "svc_e": 3
        }
    },
    "node_G": {
        "cpu_0": 4,
        "cpu_reserve": 2.7615000000000003,
        "mem_0": 4096,
        "mem_reserve": 3012.8005000000007,
        "svc_num": 12,
        "deployment": {
            "svc_a": 2,
            "svc_b": 2,
            "svc_c": 3,
            "svc_d": 3,
            "svc_e": 2
        }
    },
    "node_H": {
        "cpu_0": 4,
        "cpu_reserve": 2.7779,
        "mem_0": 4096,
        "mem_reserve": 3082.3214,
        "svc_num": 14,
        "deployment": {
            "svc_a": 2,
            "svc_b": 3,
            "svc_c": 3,
            "svc_d": 3,
            "svc_e": 3
        }
    },
    "node_I": {
        "cpu_0": 4,
        "cpu_reserve": 2.8177000000000008,
        "mem_0": 4096,
        "mem_reserve": 3072.8279999999995,
        "svc_num": 14,
        "deployment": {
            "svc_a": 3,
            "svc_b": 3,
            "svc_c": 3,
            "svc_d": 2,
            "svc_e": 3
        }
    },
    "node_J": {
        "cpu_0": 4,
        "cpu_reserve": 2.739900000000001,
        "mem_0": 4096,
        "mem_reserve": 2995.8526,
        "svc_num": 10,
        "deployment": {
            "svc_a": 2,
            "svc_b": 2,
            "svc_c": 2,
            "svc_d": 2,
            "svc_e": 2
        }
    }
}