{
    "node_A": {
        "cpu_0": 4,
        "cpu_reserve": 2.6894000000000005,
        "mem_0": 4096,
        "mem_reserve": 3048.5944000000004,
        "svc_num": 15,
        "deployment": {
            "svc_a": 3,
            "svc_b": 3,
            "svc_c": 3,
            "svc_d": 3,
            "svc_e": 3
        }
    },
    "node_B": {
        "cpu_0": 4,
        "cpu_reserve": 2.7138000000000004,
        "mem_0": 4096,
        "mem_reserve": 2984.575700000001,
        "svc_num": 15,
        "deployment": {
            "svc_a": 3,
            "svc_b": 3,
            "svc_c": 3,
            "svc_d": 3,
            "svc_e": 3
        }
    },
    "node_C": {
        "cpu_0": 4,
        "cpu_reserve": 2.7138000000000004,
        "mem_0": 4096,
        "mem_reserve": 2984.575700000001,
        "svc_num": 15,
        "deployment": {
            "svc_a": 3,
            "svc_b": 3,
            "svc_c": 3,
            "svc_d": 3,
            "svc_e": 3
        }
    },
    "node_D": {
        "cpu_0": 4,
        "cpu_reserve": 2.8083000000000005,
        "mem_0": 4096,
        "mem_reserve": 2990.6285000000003,
        "svc_num": 15,
        "deployment": {
            "svc_a": 3,
            "svc_b": 3,
            "svc_c": 3,
            "svc_d": 3,
            "svc_e": 3
        }
    },
    "node_E": {
        "cpu_0": 4,
        "cpu_reserve": 2.7037000000000004,
        "mem_0": 4096,
        "mem_reserve": 2889.8118000000004,
        "svc_num": 15,
        "deployment": {
            "svc_a": 3,
            "svc_b": 3,
            "svc_c": 3,
            "svc_d": 3,
            "svc_e": 3
        }
    },
    "node_F": {
        "cpu_0": 4,
        "cpu_reserve": 2.7114000000000007,
        "mem_0": 4096,
        "mem_reserve": 2868.3074000000006,
        "svc_num": 15,
        "deployment": {
            "svc_a": 3,
            "svc_b": 3,
            "svc_c": 3,
            "svc_d": 3,
            "svc_e": 3
        }
    },
    "node_G": {
        "cpu_0": 4,
        "cpu_reserve": 2.8100000000000005,
        "mem_0": 4096,
        "mem_reserve": 2989.9171000000006,
        "svc_num": 15,
        "deployment": {
            "svc_a": 3,
            "svc_b": 3,
            "svc_c": 3,
            "svc_d": 3,
            "svc_e": 3
        }
    },
    "node_H": {
        "cpu_0": 4,
        "cpu_reserve": 2.6888,
        "mem_0": 4096,
        "mem_reserve": 3040.3376000000003,
        "svc_num": 15,
        "deployment": {
            "svc_a": 3,
            "svc_b": 3,
            "svc_c": 3,
            "svc_d": 3,
            "svc_e": 3
        }
    },
    "node_I": {
        "cpu_0": 4,
        "cpu_reserve": 2.7157999999999998,
        "mem_0": 4096,
        "mem_reserve": 2939.6158,
        "svc_num": 15,
        "deployment": {
            "svc_a": 3,
            "svc_b": 3,
            "svc_c": 3,
            "svc_d": 3,
            "svc_e": 3
        }
    },
    "node_J": {
        "cpu_0": 4,
        "cpu_reserve": 2.7157999999999998,
        "mem_0": 4096,
        "mem_reserve": 2939.6158,
        "svc_num": 15,
        "deployment": {
            "svc_a": 3,
            "svc_b": 3,
            "svc_c": 3,
            "svc_d": 3,
            "svc_e": 3
        }
    }
}