{
    "node_A": {
        "cpu_0": 4,
        "cpu_reserve": 3.0969999999999995,
        "mem_0": 4096,
        "mem_reserve": 3315.7225000000003,
        "svc_num": 25,
        "deployment": {
            "svc_a": 5,
            "svc_b": 5,
            "svc_c": 5,
            "svc_d": 5,
            "svc_e": 5
        }
    },
    "node_B": {
        "cpu_0": 4,
        "cpu_reserve": 3.0969999999999995,
        "mem_0": 4096,
        "mem_reserve": 3315.7225000000003,
        "svc_num": 25,
        "deployment": {
            "svc_a": 5,
            "svc_b": 5,
            "svc_c": 5,
            "svc_d": 5,
            "svc_e": 5
        }
    },
    "node_C": {
        "cpu_0": 4,
        "cpu_reserve": 3.0969999999999995,
        "mem_0": 4096,
        "mem_reserve": 3315.7225000000003,
        "svc_num": 25,
        "deployment": {
            "svc_a": 5,
            "svc_b": 5,
            "svc_c": 5,
            "svc_d": 5,
            "svc_e": 5
        }
    },
    "node_D": {
        "cpu_0": 4,
        "cpu_reserve": 3.0969999999999995,
        "mem_0": 4096,
        "mem_reserve": 3315.7225000000003,
        "svc_num": 25,
        "deployment": {
            "svc_a": 5,
            "svc_b": 5,
            "svc_c": 5,
            "svc_d": 5,
            "svc_e": 5
        }
    },
    "node_E": {
        "cpu_0": 4,
        "cpu_reserve": 3.0969999999999995,
        "mem_0": 4096,
        "mem_reserve": 3315.7225000000003,
        "svc_num": 25,
        "deployment": {
            "svc_a": 5,
            "svc_b": 5,
            "svc_c": 5,
            "svc_d": 5,
            "svc_e": 5
        }
    },
    "node_F": {
        "cpu_0": 4,
        "cpu_reserve": 3.0969999999999995,
        "mem_0": 4096,
        "mem_reserve": 3315.7225000000003,
        "svc_num": 25,
        "deployment": {
            "svc_a": 5,
            "svc_b": 5,
            "svc_c": 5,
            "svc_d": 5,
            "svc_e": 5
        }
    },
    "node_G": {
        "cpu_0": 4,
        "cpu_reserve": 3.0969999999999995,
        "mem_0": 4096,
        "mem_reserve": 3315.7225000000003,
        "svc_num": 25,
        "deployment": {
            "svc_a": 5,
            "svc_b": 5,
            "svc_c": 5,
            "svc_d": 5,
            "svc_e": 5
        }
    },
    "node_H": {
        "cpu_0": 4,
        "cpu_reserve": 3.0969999999999995,
        "mem_0": 4096,
        "mem_reserve": 3315.7225000000003,
        "svc_num": 25,
        "deployment": {
            "svc_a": 5,
            "svc_b": 5,
            "svc_c": 5,
            "svc_d": 5,
            "svc_e": 5
        }
    },
    "node_I": {
        "cpu_0": 4,
        "cpu_reserve": 3.0969999999999995,
        "mem_0": 4096,
        "mem_reserve": 3315.7225000000003,
        "svc_num": 25,
        "deployment": {
            "svc_a": 5,
            "svc_b": 5,
            "svc_c": 5,
            "svc_d": 5,
            "svc_e": 5
        }
    },
    "node_J": {
        "cpu_0": 4,
        "cpu_reserve": 3.0969999999999995,
        "mem_0": 4096,
        "mem_reserve": 3315.7225000000003,
        "svc_num": 25,
        "deployment": {
            "svc_a": 5,
            "svc_b": 5,
            "svc_c": 5,
            "svc_d": 5,
            "svc_e": 5
        }
    }
}