{
    "node_A": {
        "cpu_0": 4,
        "cpu_reserve": 3.2355000000000005,
        "mem_0": 4096,
        "mem_reserve": 3420.1867,
        "svc_num": 22,
        "deployment": {
            "svc_a": 4,
            "svc_b": 5,
            "svc_c": 3,
            "svc_d": 5,
            "svc_e": 5
        }
    },
    "node_B": {
        "cpu_0": 4,
        "cpu_reserve": 3.2355000000000005,
        "mem_0": 4096,
        "mem_reserve": 3420.1867,
        "svc_num": 22,
        "deployment": {
            "svc_a": 4,
            "svc_b": 5,
            "svc_c": 3,
            "svc_d": 5,
            "svc_e": 5
        }
    },
    "node_C": {
        "cpu_0": 4,
        "cpu_reserve": 3.2355000000000005,
        "mem_0": 4096,
        "mem_reserve": 3420.1867,
        "svc_num": 22,
        "deployment": {
            "svc_a": 4,
            "svc_b": 5,
            "svc_c": 3,
            "svc_d": 5,
            "svc_e": 5
        }
    },
    "node_D": {
        "cpu_0": 4,
        "cpu_reserve": 3.2355000000000005,
        "mem_0": 4096,
        "mem_reserve": 3420.1867,
        "svc_num": 22,
        "deployment": {
            "svc_a": 4,
            "svc_b": 5,
            "svc_c": 3,
            "svc_d": 5,
            "svc_e": 5
        }
    },
    "node_E": {
        "cpu_0": 4,
        "cpu_reserve": 3.2355000000000005,
        "mem_0": 4096,
        "mem_reserve": 3420.1867,
        "svc_num": 22,
        "deployment": {
            "svc_a": 4,
            "svc_b": 5,
            "svc_c": 3,
            "svc_d": 5,
            "svc_e": 5
        }
    },
    "node_F": {
        "cpu_0": 4,
        "cpu_reserve": 3.261000000000002,
        "mem_0": 4096,
        "mem_reserve": 3386.5663000000004,
        "svc_num": 28,
        "deployment": {
            "svc_a": 6,
            "svc_b": 5,
            "svc_c": 7,
            "svc_d": 5,
            "svc_e": 5
        }
    },
    "node_G": {
        "cpu_0": 4,
        "cpu_reserve": 3.261000000000002,
        "mem_0": 4096,
        "mem_reserve": 3386.5663000000004,
        "svc_num": 28,
        "deployment": {
            "svc_a": 6,
            "svc_b": 5,
            "svc_c": 7,
            "svc_d": 5,
            "svc_e": 5
        }
    },
    "node_H": {
        "cpu_0": 4,
        "cpu_reserve": 3.261000000000002,
        "mem_0": 4096,
        "mem_reserve": 3386.5663000000004,
        "svc_num": 28,
        "deployment": {
            "svc_a": 6,
            "svc_b": 5,
            "svc_c": 7,
            "svc_d": 5,
            "svc_e": 5
        }
    },
    "node_I": {
        "cpu_0": 4,
        "cpu_reserve": 3.261000000000002,
        "mem_0": 4096,
        "mem_reserve": 3386.5663000000004,
        "svc_num": 28,
        "deployment": {
            "svc_a": 6,
            "svc_b": 5,
            "svc_c": 7,
            "svc_d": 5,
            "svc_e": 5
        }
    },
    "node_J": {
        "cpu_0": 4,
        "cpu_reserve": 3.261000000000002,
        "mem_0": 4096,
        "mem_reserve": 3386.5663000000004,
        "svc_num": 28,
        "deployment": {
            "svc_a": 6,
            "svc_b": 5,
            "svc_c": 7,
            "svc_d": 5,
            "svc_e": 5
        }
    }
}