{
    "node_A": {
        "cpu_0": 4,
        "cpu_reserve": 2.0828999999999995,
        "mem_0": 4096,
        "mem_reserve": 2316.3043000000002,
        "svc_num": 22,
        "deployment": {
            "svc_a": 3,
            "svc_b": 5,
            "svc_c": 3,
            "svc_d": 5,
            "svc_e": 6
        }
    },
    "node_B": {
        "cpu_0": 4,
        "cpu_reserve": 1.9951,
        "mem_0": 4096,
        "mem_reserve": 2379.7569000000003,
        "svc_num": 22,
        "deployment": {
            "svc_a": 3,
            "svc_b": 5,
            "svc_c": 6,
            "svc_d": 5,
            "svc_e": 3
        }
    },
    "node_C": {
        "cpu_0": 4,
        "cpu_reserve": 2.0662,
        "mem_0": 4096,
        "mem_reserve": 2372.412300000001,
        "svc_num": 22,
        "deployment": {
            "svc_a": 3,
            "svc_b": 5,
            "svc_c": 3,
            "svc_d": 6,
            "svc_e": 5
        }
    },
    "node_D": {
        "cpu_0": 4,
        "cpu_reserve": 2.001500000000001,
        "mem_0": 4096,
        "mem_reserve": 2373.7689000000005,
        "svc_num": 20,
        "deployment": {
            "svc_a": 3,
            "svc_b": 4,
            "svc_c": 5,
            "svc_d": 5,
            "svc_e": 3
        }
    },
    "node_E": {
        "cpu_0": 4,
        "cpu_reserve": 2.0467000000000013,
        "mem_0": 4096,
        "mem_reserve": 2353.5893,
        "svc_num": 24,
        "deployment": {
            "svc_a": 5,
            "svc_b": 3,
            "svc_c": 6,
            "svc_d": 4,
            "svc_e": 6
        }
    },
    "node_F": {
        "cpu_0": 4,
        "cpu_reserve": 2.0611000000000015,
        "mem_0": 4096,
        "mem_reserve": 2319.1984000000007,
        "svc_num": 19,
        "deployment": {
            "svc_a": 7,
            "svc_b": 3,
            "svc_c": 3,
            "svc_d": 3,
            "svc_e": 3
        }
    },
    "node_G": {
        "cpu_0": 4,
        "cpu_reserve": 1.9954000000000003,
        "mem_0": 4096,
        "mem_reserve": 2375.8442000000005,
        "svc_num": 22,
        "deployment": {
            "svc_a": 5,
            "svc_b": 6,
            "svc_c": 5,
            "svc_d": 3,
            "svc_e": 3
        }
    },
    "node_H": {
        "cpu_0": 4,
        "cpu_reserve": 2.0128000000000004,
        "mem_0": 4096,
        "mem_reserve": 2367.6028000000006,
        "svc_num": 17,
        "deployment": {
            "svc_a": 5,
            "svc_b": 3,
            "svc_c": 3,
            "svc_d": 3,
            "svc_e": 3
        }
    },
    "node_I": {
        "cpu_0": 4,
        "cpu_reserve": 2.0161,
        "mem_0": 4096,
        "mem_reserve": 2361.984,
        "svc_num": 15,
        "deployment": {
            "svc_a": 3,
            "svc_b": 3,
            "svc_c": 3,
            "svc_d": 3,
            "svc_e": 3
        }
    },
    "node_J": {
        "cpu_0": 4,
        "cpu_reserve": 2.078,
        "mem_0": 4096,
        "mem_reserve": 2374.7871,
        "svc_num": 17,
        "deployment": {
            "svc_a": 3,
            "svc_b": 3,
            "svc_c": 3,
            "svc_d": 3,
            "svc_e": 5
        }
    }
}