{
    "node_A": {
        "cpu_0": 4,
        "cpu_reserve": 1.344900000000001,
        "mem_0": 4096,
        "mem_reserve": 1730.7112000000002,
        "svc_num": 31,
        "deployment": {
            "svc_a": 6,
            "svc_b": 6,
            "svc_c": 7,
            "svc_d": 6,
            "svc_e": 6
        }
    },
    "node_B": {
        "cpu_0": 4,
        "cpu_reserve": 1.344900000000001,
        "mem_0": 4096,
        "mem_reserve": 1730.7112000000002,
        "svc_num": 31,
        "deployment": {
            "svc_a": 6,
            "svc_b": 6,
            "svc_c": 7,
            "svc_d": 6,
            "svc_e": 6
        }
    },
    "node_C": {
        "cpu_0": 4,
        "cpu_reserve": 1.344900000000001,
        "mem_0": 4096,
        "mem_reserve": 1730.7112000000002,
        "svc_num": 31,
        "deployment": {
            "svc_a": 6,
            "svc_b": 6,
            "svc_c": 7,
            "svc_d": 6,
            "svc_e": 6
        }
    },
    "node_D": {
        "cpu_0": 4,
        "cpu_reserve": 1.344900000000001,
        "mem_0": 4096,
        "mem_reserve": 1730.7112000000002,
        "svc_num": 31,
        "deployment": {
            "svc_a": 6,
            "svc_b": 6,
            "svc_c": 7,
            "svc_d": 6,
            "svc_e": 6
        }
    },
    "node_E": {
        "cpu_0": 4,
        "cpu_reserve": 1.344900000000001,
        "mem_0": 4096,
        "mem_reserve": 1730.7112000000002,
        "svc_num": 31,
        "deployment": {
            "svc_a": 6,
            "svc_b": 6,
            "svc_c": 7,
            "svc_d": 6,
            "svc_e": 6
        }
    },
    "node_F": {
        "cpu_0": 4,
        "cpu_reserve": 1.3286000000000004,
        "mem_0": 4096,
        "mem_reserve": 1744.0156000000013,
        "svc_num": 29,
        "deployment": {
            "svc_a": 6,
            "svc_b": 6,
            "svc_c": 5,
            "svc_d": 6,
            "svc_e": 6
        }
    },
    "node_G": {
        "cpu_0": 4,
        "cpu_reserve": 1.3286000000000004,
        "mem_0": 4096,
        "mem_reserve": 1744.0156000000013,
        "svc_num": 29,
        "deployment": {
            "svc_a": 6,
            "svc_b": 6,
            "svc_c": 5,
            "svc_d": 6,
            "svc_e": 6
        }
    },
    "node_H": {
        "cpu_0": 4,
        "cpu_reserve": 1.3286000000000004,
        "mem_0": 4096,
        "mem_reserve": 1744.0156000000013,
        "svc_num": 29,
        "deployment": {
            "svc_a": 6,
            "svc_b": 6,
            "svc_c": 5,
            "svc_d": 6,
            "svc_e": 6
        }
    },
    "node_I": {
        "cpu_0": 4,
        "cpu_reserve": 1.3286000000000004,
        "mem_0": 4096,
        "mem_reserve": 1744.0156000000013,
        "svc_num": 29,
        "deployment": {
            "svc_a": 6,
            "svc_b": 6,
            "svc_c": 5,
            "svc_d": 6,
            "svc_e": 6
        }
    },
    "node_J": {
        "cpu_0": 4,
        "cpu_reserve": 1.3286000000000004,
        "mem_0": 4096,
        "mem_reserve": 1744.0156000000013,
        "svc_num": 29,
        "deployment": {
            "svc_a": 6,
            "svc_b": 6,
            "svc_c": 5,
            "svc_d": 6,
            "svc_e": 6
        }
    }
}