{
    "node_A": {
        "cpu_0": 4,
        "cpu_reserve": 2.7775000000000003,
        "mem_0": 4096,
        "mem_reserve": 2979.3475000000003,
        "svc_num": 20,
        "deployment": {
            "svc_a": 4,
            "svc_b": 4,
            "svc_c": 4,
            "svc_d": 4,
            "svc_e": 4
        }
    },
    "node_B": {
        "cpu_0": 4,
        "cpu_reserve": 2.838000000000001,
        "mem_0": 4096,
        "mem_reserve": 3014.4091000000003,
        "svc_num": 20,
        "deployment": {
            "svc_a": 4,
            "svc_b": 4,
            "svc_c": 4,
            "svc_d": 4,
            "svc_e": 4
        }
    },
    "node_C": {
        "cpu_0": 4,
        "cpu_reserve": 2.2169000000000003,
        "mem_0": 4096,
        "mem_reserve": 2451.8554000000004,
        "svc_num": 20,
        "deployment": {
            "svc_a": 4,
            "svc_b": 4,
            "svc_c": 4,
            "svc_d": 4,
            "svc_e": 4
        }
    },
    "node_D": {
        "cpu_0": 4,
        "cpu_reserve": 2.7775000000000003,
        "mem_0": 4096,
        "mem_reserve": 2979.3475000000003,
        "svc_num": 20,
        "deployment": {
            "svc_a": 4,
            "svc_b": 4,
            "svc_c": 4,
            "svc_d": 4,
            "svc_e": 4
        }
    },
    "node_E": {
        "cpu_0": 4,
        "cpu_reserve": 2.838000000000001,
        "mem_0": 4096,
        "mem_reserve": 3014.4091000000003,
        "svc_num": 20,
        "deployment": {
            "svc_a": 4,
            "svc_b": 4,
            "svc_c": 4,
            "svc_d": 4,
            "svc_e": 4
        }
    },
    "node_F": {
        "cpu_0": 4,
        "cpu_reserve": 2.2169000000000003,
        "mem_0": 4096,
        "mem_reserve": 2451.8554000000004,
        "svc_num": 20,
        "deployment": {
            "svc_a": 4,
            "svc_b": 4,
            "svc_c": 4,
            "svc_d": 4,
            "svc_e": 4
        }
    },
    "node_G": {
        "cpu_0": 4,
        "cpu_reserve": 2.7775000000000003,
        "mem_0": 4096,
        "mem_reserve": 2979.3475000000003,
        "svc_num": 20,
        "deployment": {
            "svc_a": 4,
            "svc_b": 4,
            "svc_c": 4,
            "svc_d": 4,
            "svc_e": 4
        }
    },
    "node_H": {
        "cpu_0": 4,
        "cpu_reserve": 2.838000000000001,
        "mem_0": 4096,
        "mem_reserve": 3014.4091000000003,
        "svc_num": 20,
        "deployment": {
            "svc_a": 4,
            "svc_b": 4,
            "svc_c": 4,
            "svc_d": 4,
            "svc_e": 4
        }
    },
    "node_I": {
        "cpu_0": 4,
        "cpu_reserve": 2.2169000000000003,
        "mem_0": 4096,
        "mem_reserve": 2451.8554000000004,
        "svc_num": 20,
        "deployment": {
            "svc_a": 4,
            "svc_b": 4,
            "svc_c": 4,
            "svc_d": 4,
            "svc_e": 4
        }
    },
    "node_J": {
        "cpu_0": 4,
        "cpu_reserve": 2.7775000000000003,
        "mem_0": 4096,
        "mem_reserve": 2979.3475000000003,
        "svc_num": 20,
        "deployment": {
            "svc_a": 4,
            "svc_b": 4,
            "svc_c": 4,
            "svc_d": 4,
            "svc_e": 4
        }
    }
}