{
    "node_A": {
        "cpu_0": 4,
        "cpu_reserve": 0.08299999999999993,
        "mem_0": 4096,
        "mem_reserve": 959.7253000000004,
        "svc_num": 31,
        "deployment": {
            "svc_a": 10,
            "svc_b": 9,
            "svc_c": 3,
            "svc_d": 6,
            "svc_e": 3
        }
    },
    "node_B": {
        "cpu_0": 4,
        "cpu_reserve": 2.3176999999999994,
        "mem_0": 4096,
        "mem_reserve": 2727.9261000000006,
        "svc_num": 15,
        "deployment": {
            "svc_a": 5,
            "svc_b": 3,
            "svc_c": 2,
            "svc_d": 2,
            "svc_e": 3
        }
    },
    "node_C": {
        "cpu_0": 4,
        "cpu_reserve": 1.1091000000000013,
        "mem_0": 4096,
        "mem_reserve": 1612.5215999999996,
        "svc_num": 30,
        "deployment": {
            "svc_a": 4,
            "svc_b": 8,
            "svc_c": 5,
            "svc_d": 8,
            "svc_e": 5
        }
    },
    "node_D": {
        "cpu_0": 4,
        "cpu_reserve": 0.37639999999999996,
        "mem_0": 4096,
        "mem_reserve": 1819.7712000000008,
        "svc_num": 27,
        "deployment": {
            "svc_a": 7,
            "svc_b": 4,
            "svc_c": 2,
            "svc_d": 11,
            "svc_e": 3
        }
    },
    "node_E": {
        "cpu_0": 4,
        "cpu_reserve": 1.741,
        "mem_0": 4096,
        "mem_reserve": 1966.6416000000004,
        "svc_num": 24,
        "deployment": {
            "svc_a": 4,
            "svc_b": 1,
            "svc_c": 6,
            "svc_d": 4,
            "svc_e": 9
        }
    },
    "node_F": {
        "cpu_0": 4,
        "cpu_reserve": 1.7538000000000002,
        "mem_0": 4096,
        "mem_reserve": 1595.2406000000008,
        "svc_num": 32,
        "deployment": {
            "svc_a": 5,
            "svc_b": 5,
            "svc_c": 11,
            "svc_d": 4,
            "svc_e": 7
        }
    },
    "node_G": {
        "cpu_0": 4,
        "cpu_reserve": 0.9671000000000017,
        "mem_0": 4096,
        "mem_reserve": 1146.4398000000003,
        "svc_num": 31,
        "deployment": {
            "svc_a": 6,
            "svc_b": 8,
            "svc_c": 5,
            "svc_d": 4,
            "svc_e": 8
        }
    },
    "node_H": {
        "cpu_0": 4,
        "cpu_reserve": 0.7885000000000003,
        "mem_0": 4096,
        "mem_reserve": 1065.7119000000007,
        "svc_num": 28,
        "deployment": {
            "svc_a": 6,
            "svc_b": 8,
            "svc_c": 4,
            "svc_d": 3,
            "svc_e": 7
        }
    },
    "node_I": {
        "cpu_0": 4,
        "cpu_reserve": 0.4724000000000005,
        "mem_0": 4096,
        "mem_reserve": 1252.0727000000002,
        "svc_num": 32,
        "deployment": {
            "svc_a": 5,
            "svc_b": 7,
            "svc_c": 6,
            "svc_d": 9,
            "svc_e": 5
        }
    },
    "node_J": {
        "cpu_0": 4,
        "cpu_reserve": 1.9361999999999984,
        "mem_0": 4096,
        "mem_reserve": 1951.6295000000011,
        "svc_num": 25,
        "deployment": {
            "svc_a": 3,
            "svc_b": 2,
            "svc_c": 11,
            "svc_d": 4,
            "svc_e": 5
        }
    }
}