{
    "node_A": {
        "cpu_0": 4,
        "cpu_reserve": 2.3324,
        "mem_0": 4096,
        "mem_reserve": 2276.033000000001,
        "svc_num": 25,
        "deployment": {
            "svc_a": 2,
            "svc_b": 8,
            "svc_c": 3,
            "svc_d": 4,
            "svc_e": 8
        }
    },
    "node_B": {
        "cpu_0": 4,
        "cpu_reserve": 2.5588000000000006,
        "mem_0": 4096,
        "mem_reserve": 2897.375700000001,
        "svc_num": 26,
        "deployment": {
            "svc_a": 5,
            "svc_b": 4,
            "svc_c": 5,
            "svc_d": 6,
            "svc_e": 6
        }
    },
    "node_C": {
        "cpu_0": 4,
        "cpu_reserve": 2.180100000000001,
        "mem_0": 4096,
        "mem_reserve": 2044.2229999999993,
        "svc_num": 32,
        "deployment": {
            "svc_a": 3,
            "svc_b": 10,
            "svc_c": 10,
            "svc_d": 6,
            "svc_e": 3
        }
    },
    "node_D": {
        "cpu_0": 4,
        "cpu_reserve": 1.8095,
        "mem_0": 4096,
        "mem_reserve": 2221.3766,
        "svc_num": 28,
        "deployment": {
            "svc_a": 6,
            "svc_b": 8,
            "svc_c": 4,
            "svc_d": 6,
            "svc_e": 4
        }
    },
    "node_E": {
        "cpu_0": 4,
        "cpu_reserve": 2.1315000000000017,
        "mem_0": 4096,
        "mem_reserve": 2633.3712000000014,
        "svc_num": 31,
        "deployment": {
            "svc_a": 6,
            "svc_b": 3,
            "svc_c": 7,
            "svc_d": 10,
            "svc_e": 5
        }
    },
    "node_F": {
        "cpu_0": 4,
        "cpu_reserve": 1.2429000000000008,
        "mem_0": 4096,
        "mem_reserve": 1457.169400000001,
        "svc_num": 36,
        "deployment": {
            "svc_a": 10,
            "svc_b": 5,
            "svc_c": 8,
            "svc_d": 4,
            "svc_e": 9
        }
    },
    "node_G": {
        "cpu_0": 4,
        "cpu_reserve": 1.8309,
        "mem_0": 4096,
        "mem_reserve": 2093.0753000000004,
        "svc_num": 27,
        "deployment": {
            "svc_a": 7,
            "svc_b": 2,
            "svc_c": 2,
            "svc_d": 5,
            "svc_e": 11
        }
    },
    "node_H": {
        "cpu_0": 4,
        "cpu_reserve": 2.518000000000001,
        "mem_0": 4096,
        "mem_reserve": 2646.8991,
        "svc_num": 24,
        "deployment": {
            "svc_a": 5,
            "svc_b": 4,
            "svc_c": 6,
            "svc_d": 4,
            "svc_e": 5
        }
    },
    "node_I": {
        "cpu_0": 4,
        "cpu_reserve": 1.083900000000003,
        "mem_0": 4096,
        "mem_reserve": 1382.4415000000001,
        "svc_num": 42,
        "deployment": {
            "svc_a": 7,
            "svc_b": 11,
            "svc_c": 12,
            "svc_d": 8,
            "svc_e": 4
        }
    },
    "node_J": {
        "cpu_0": 4,
        "cpu_reserve": 1.1842000000000013,
        "mem_0": 4096,
        "mem_reserve": 1663.042400000001,
        "svc_num": 29,
        "deployment": {
            "svc_a": 9,
            "svc_b": 5,
            "svc_c": 3,
            "svc_d": 7,
            "svc_e": 5
        }
    }
}