{
    "node_A": {
        "cpu_0": 4,
        "cpu_reserve": 2.5444999999999998,
        "mem_0": 4096,
        "mem_reserve": 2723.3355000000006,
        "svc_num": 17,
        "deployment": {
            "svc_a": 3,
            "svc_b": 4,
            "svc_c": 5,
            "svc_d": 2,
            "svc_e": 3
        }
    },
    "node_B": {
        "cpu_0": 4,
        "cpu_reserve": 2.6496,
        "mem_0": 4096,
        "mem_reserve": 2956.8289000000004,
        "svc_num": 14,
        "deployment": {
            "svc_a": 3,
            "svc_b": 4,
            "svc_c": 3,
            "svc_d": 3,
            "svc_e": 1
        }
    },
    "node_C": {
        "cpu_0": 4,
        "cpu_reserve": 1.3909000000000005,
        "mem_0": 4096,
        "mem_reserve": 2019.0236000000004,
        "svc_num": 23,
        "deployment": {
            "svc_a": 4,
            "svc_b": 6,
            "svc_c": 5,
            "svc_d": 5,
            "svc_e": 3
        }
    },
    "node_D": {
        "cpu_0": 4,
        "cpu_reserve": 2.5441000000000016,
        "mem_0": 4096,
        "mem_reserve": 2673.3964000000005,
        "svc_num": 18,
        "deployment": {
            "svc_a": 4,
            "svc_b": 4,
            "svc_c": 4,
            "svc_d": 3,
            "svc_e": 3
        }
    },
    "node_E": {
        "cpu_0": 4,
        "cpu_reserve": 2.3410999999999995,
        "mem_0": 4096,
        "mem_reserve": 2305.4211000000005,
        "svc_num": 17,
        "deployment": {
            "svc_a": 3,
            "svc_b": 5,
            "svc_c": 3,
            "svc_d": 1,
            "svc_e": 5
        }
    },
    "node_F": {
        "cpu_0": 4,
        "cpu_reserve": 2.1159999999999997,
        "mem_0": 4096,
        "mem_reserve": 2241.7753000000007,
        "svc_num": 18,
        "deployment": {
            "svc_a": 2,
            "svc_b": 2,
            "svc_c": 3,
            "svc_d": 3,
            "svc_e": 8
        }
    },
    "node_G": {
        "cpu_0": 4,
        "cpu_reserve": 2.886799999999999,
        "mem_0": 4096,
        "mem_reserve": 3279.3885000000005,
        "svc_num": 12,
        "deployment": {
            "svc_a": 4,
            "svc_b": 1,
            "svc_c": 2,
            "svc_d": 3,
            "svc_e": 2
        }
    },
    "node_H": {
        "cpu_0": 4,
        "cpu_reserve": 2.0412999999999997,
        "mem_0": 4096,
        "mem_reserve": 2293.7546000000007,
        "svc_num": 18,
        "deployment": {
            "svc_a": 2,
            "svc_b": 3,
            "svc_c": 4,
            "svc_d": 3,
            "svc_e": 6
        }
    },
    "node_I": {
        "cpu_0": 4,
        "cpu_reserve": 2.2874,
        "mem_0": 4096,
        "mem_reserve": 2644.3907999999997,
        "svc_num": 15,
        "deployment": {
            "svc_a": 2,
            "svc_b": 3,
            "svc_c": 2,
            "svc_d": 5,
            "svc_e": 3
        }
    },
    "node_J": {
        "cpu_0": 4,
        "cpu_reserve": 1.6650999999999991,
        "mem_0": 4096,
        "mem_reserve": 2430.1845000000003,
        "svc_num": 23,
        "deployment": {
            "svc_a": 8,
            "svc_b": 3,
            "svc_c": 4,
            "svc_d": 7,
            "svc_e": 1
        }
    }
}