{
    "node_A": {
        "cpu_0": 4,
        "cpu_reserve": 0.5252000000000002,
        "mem_0": 4096,
        "mem_reserve": 708.1780000000019,
        "svc_num": 31,
        "deployment": {
            "svc_a": 5,
            "svc_b": 6,
            "svc_c": 8,
            "svc_d": 4,
            "svc_e": 8
        }
    },
    "node_B": {
        "cpu_0": 4,
        "cpu_reserve": 1.1985,
        "mem_0": 4096,
        "mem_reserve": 1691.1294000000012,
        "svc_num": 26,
        "deployment": {
            "svc_a": 6,
            "svc_b": 2,
            "svc_c": 9,
            "svc_d": 6,
            "svc_e": 3
        }
    },
    "node_C": {
        "cpu_0": 4,
        "cpu_reserve": 1.3752000000000002,
        "mem_0": 4096,
        "mem_reserve": 1617.3779000000009,
        "svc_num": 33,
        "deployment": {
            "svc_a": 7,
            "svc_b": 6,
            "svc_c": 8,
            "svc_d": 7,
            "svc_e": 5
        }
    },
    "node_D": {
        "cpu_0": 4,
        "cpu_reserve": 0.13459999999999972,
        "mem_0": 4096,
        "mem_reserve": 837.7299000000007,
        "svc_num": 38,
        "deployment": {
            "svc_a": 7,
            "svc_b": 2,
            "svc_c": 4,
            "svc_d": 11,
            "svc_e": 14
        }
    },
    "node_E": {
        "cpu_0": 4,
        "cpu_reserve": 1.0549999999999988,
        "mem_0": 4096,
        "mem_reserve": 1112.5440000000015,
        "svc_num": 25,
        "deployment": {
            "svc_a": 3,
            "svc_b": 8,
            "svc_c": 4,
            "svc_d": 2,
            "svc_e": 8
        }
    },
    "node_F": {
        "cpu_0": 4,
        "cpu_reserve": 0.3506999999999995,
        "mem_0": 4096,
        "mem_reserve": 1061.4485000000016,
        "svc_num": 29,
        "deployment": {
            "svc_a": 7,
            "svc_b": 9,
            "svc_c": 2,
            "svc_d": 5,
            "svc_e": 6
        }
    },
    "node_G": {
        "cpu_0": 4,
        "cpu_reserve": 0.8192999999999999,
        "mem_0": 4096,
        "mem_reserve": 1463.3594000000007,
        "svc_num": 29,
        "deployment": {
            "svc_a": 11,
            "svc_b": 6,
            "svc_c": 1,
            "svc_d": 6,
            "svc_e": 5
        }
    },
    "node_H": {
        "cpu_0": 4,
        "cpu_reserve": 1.3367000000000004,
        "mem_0": 4096,
        "mem_reserve": 1746.969600000001,
        "svc_num": 29,
        "deployment": {
            "svc_a": 2,
            "svc_b": 8,
            "svc_c": 9,
            "svc_d": 8,
            "svc_e": 2
        }
    },
    "node_I": {
        "cpu_0": 4,
        "cpu_reserve": 1.4938000000000007,
        "mem_0": 4096,
        "mem_reserve": 1434.528900000001,
        "svc_num": 28,
        "deployment": {
            "svc_a": 7,
            "svc_b": 3,
            "svc_c": 9,
            "svc_d": 2,
            "svc_e": 7
        }
    },
    "node_J": {
        "cpu_0": 4,
        "cpu_reserve": 0.003199999999999814,
        "mem_0": 4096,
        "mem_reserve": 698.1886000000004,
        "svc_num": 32,
        "deployment": {
            "svc_a": 5,
            "svc_b": 10,
            "svc_c": 6,
            "svc_d": 9,
            "svc_e": 2
        }
    }
}