{
    "node_A": {
        "cpu_0": 4,
        "cpu_reserve": 1.7933000000000008,
        "mem_0": 4096,
        "mem_reserve": 2105.1871000000015,
        "svc_num": 35,
        "deployment": {
            "svc_a": 11,
            "svc_b": 7,
            "svc_c": 5,
            "svc_d": 8,
            "svc_e": 4
        }
    },
    "node_B": {
        "cpu_0": 4,
        "cpu_reserve": 2.3744000000000014,
        "mem_0": 4096,
        "mem_reserve": 2708.4353,
        "svc_num": 24,
        "deployment": {
            "svc_a": 8,
            "svc_b": 4,
            "svc_c": 4,
            "svc_d": 4,
            "svc_e": 4
        }
    },
    "node_C": {
        "cpu_0": 4,
        "cpu_reserve": 1.5630000000000013,
        "mem_0": 4096,
        "mem_reserve": 2154.165400000002,
        "svc_num": 28,
        "deployment": {
            "svc_a": 10,
            "svc_b": 5,
            "svc_c": 2,
            "svc_d": 7,
            "svc_e": 4
        }
    },
    "node_D": {
        "cpu_0": 4,
        "cpu_reserve": 2.2072,
        "mem_0": 4096,
        "mem_reserve": 2437.4213,
        "svc_num": 27,
        "deployment": {
            "svc_a": 4,
            "svc_b": 8,
            "svc_c": 5,
            "svc_d": 4,
            "svc_e": 6
        }
    },
    "node_E": {
        "cpu_0": 4,
        "cpu_reserve": 3.0241000000000007,
        "mem_0": 4096,
        "mem_reserve": 3046.7475999999997,
        "svc_num": 15,
        "deployment": {
            "svc_a": 0,
            "svc_b": 6,
            "svc_c": 5,
            "svc_d": 2,
            "svc_e": 2
        }
    },
    "node_F": {
        "cpu_0": 4,
        "cpu_reserve": 2.8757,
        "mem_0": 4096,
        "mem_reserve": 3232.889800000001,
        "svc_num": 18,
        "deployment": {
            "svc_a": 4,
            "svc_b": 0,
            "svc_c": 4,
            "svc_d": 8,
            "svc_e": 2
        }
    },
    "node_G": {
        "cpu_0": 4,
        "cpu_reserve": 2.5683000000000007,
        "mem_0": 4096,
        "mem_reserve": 2864.0238,
        "svc_num": 25,
        "deployment": {
            "svc_a": 4,
            "svc_b": 3,
            "svc_c": 6,
            "svc_d": 6,
            "svc_e": 6
        }
    },
    "node_H": {
        "cpu_0": 4,
        "cpu_reserve": 3.172000000000001,
        "mem_0": 4096,
        "mem_reserve": 3042.0283999999992,
        "svc_num": 23,
        "deployment": {
            "svc_a": 2,
            "svc_b": 3,
            "svc_c": 7,
            "svc_d": 3,
            "svc_e": 8
        }
    },
    "node_I": {
        "cpu_0": 4,
        "cpu_reserve": 1.521400000000001,
        "mem_0": 4096,
        "mem_reserve": 1596.8301000000001,
        "svc_num": 34,
        "deployment": {
            "svc_a": 5,
            "svc_b": 10,
            "svc_c": 7,
            "svc_d": 5,
            "svc_e": 7
        }
    },
    "node_J": {
        "cpu_0": 4,
        "cpu_reserve": 2.6889000000000007,
        "mem_0": 4096,
        "mem_reserve": 2730.5193999999997,
        "svc_num": 21,
        "deployment": {
            "svc_a": 2,
            "svc_b": 4,
            "svc_c": 5,
            "svc_d": 3,
            "svc_e": 7
        }
    }
}