{
    "node_A": {
        "cpu_0": 4,
        "cpu_reserve": 2.3462,
        "mem_0": 4096,
        "mem_reserve": 2477.1715,
        "svc_num": 22,
        "deployment": {
            "svc_a": 4,
            "svc_b": 7,
            "svc_c": 5,
            "svc_d": 3,
            "svc_e": 3
        }
    },
    "node_B": {
        "cpu_0": 4,
        "cpu_reserve": 1.5115000000000018,
        "mem_0": 4096,
        "mem_reserve": 1714.0310000000004,
        "svc_num": 35,
        "deployment": {
            "svc_a": 4,
            "svc_b": 5,
            "svc_c": 12,
            "svc_d": 9,
            "svc_e": 5
        }
    },
    "node_C": {
        "cpu_0": 4,
        "cpu_reserve": 1.2908000000000024,
        "mem_0": 4096,
        "mem_reserve": 1197.2171999999996,
        "svc_num": 36,
        "deployment": {
            "svc_a": 6,
            "svc_b": 6,
            "svc_c": 9,
            "svc_d": 6,
            "svc_e": 9
        }
    },
    "node_D": {
        "cpu_0": 4,
        "cpu_reserve": 0.6774000000000013,
        "mem_0": 4096,
        "mem_reserve": 1122.0580999999995,
        "svc_num": 48,
        "deployment": {
            "svc_a": 13,
            "svc_b": 9,
            "svc_c": 8,
            "svc_d": 10,
            "svc_e": 8
        }
    },
    "node_E": {
        "cpu_0": 4,
        "cpu_reserve": 0.4022999999999997,
        "mem_0": 4096,
        "mem_reserve": 1064.6979000000003,
        "svc_num": 32,
        "deployment": {
            "svc_a": 3,
            "svc_b": 9,
            "svc_c": 2,
            "svc_d": 9,
            "svc_e": 9
        }
    },
    "node_F": {
        "cpu_0": 4,
        "cpu_reserve": 1.1317000000000004,
        "mem_0": 4096,
        "mem_reserve": 1313.3032000000005,
        "svc_num": 36,
        "deployment": {
            "svc_a": 8,
            "svc_b": 8,
            "svc_c": 5,
            "svc_d": 5,
            "svc_e": 10
        }
    },
    "node_G": {
        "cpu_0": 4,
        "cpu_reserve": 1.3362000000000012,
        "mem_0": 4096,
        "mem_reserve": 1760.5121,
        "svc_num": 36,
        "deployment": {
            "svc_a": 7,
            "svc_b": 8,
            "svc_c": 6,
            "svc_d": 9,
            "svc_e": 6
        }
    },
    "node_H": {
        "cpu_0": 4,
        "cpu_reserve": 2.1443000000000016,
        "mem_0": 4096,
        "mem_reserve": 2329.6997,
        "svc_num": 37,
        "deployment": {
            "svc_a": 10,
            "svc_b": 6,
            "svc_c": 9,
            "svc_d": 8,
            "svc_e": 4
        }
    },
    "node_I": {
        "cpu_0": 4,
        "cpu_reserve": 1.566100000000001,
        "mem_0": 4096,
        "mem_reserve": 1735.3116000000005,
        "svc_num": 34,
        "deployment": {
            "svc_a": 6,
            "svc_b": 8,
            "svc_c": 7,
            "svc_d": 5,
            "svc_e": 8
        }
    },
    "node_J": {
        "cpu_0": 4,
        "cpu_reserve": 1.214800000000001,
        "mem_0": 4096,
        "mem_reserve": 1459.7245,
        "svc_num": 34,
        "deployment": {
            "svc_a": 9,
            "svc_b": 4,
            "svc_c": 7,
            "svc_d": 6,
            "svc_e": 8
        }
    }
}