{
    "node_A": {
        "cpu_0": 4,
        "cpu_reserve": 0.7000999999999996,
        "mem_0": 4096,
        "mem_reserve": 1254.0773000000013,
        "svc_num": 34,
        "deployment": {
            "svc_a": 7,
            "svc_b": 7,
            "svc_c": 5,
            "svc_d": 9,
            "svc_e": 6
        }
    },
    "node_B": {
        "cpu_0": 4,
        "cpu_reserve": 1.4358999999999995,
        "mem_0": 4096,
        "mem_reserve": 1556.2424000000012,
        "svc_num": 28,
        "deployment": {
            "svc_a": 7,
            "svc_b": 4,
            "svc_c": 8,
            "svc_d": 4,
            "svc_e": 5
        }
    },
    "node_C": {
        "cpu_0": 4,
        "cpu_reserve": 1.9794000000000003,
        "mem_0": 4096,
        "mem_reserve": 2089.417300000001,
        "svc_num": 22,
        "deployment": {
            "svc_a": 7,
            "svc_b": 3,
            "svc_c": 4,
            "svc_d": 3,
            "svc_e": 5
        }
    },
    "node_D": {
        "cpu_0": 4,
        "cpu_reserve": 1.3740999999999994,
        "mem_0": 4096,
        "mem_reserve": 1784.3221000000017,
        "svc_num": 25,
        "deployment": {
            "svc_a": 6,
            "svc_b": 4,
            "svc_c": 6,
            "svc_d": 5,
            "svc_e": 4
        }
    },
    "node_E": {
        "cpu_0": 4,
        "cpu_reserve": 1.2121,
        "mem_0": 4096,
        "mem_reserve": 1403.753800000001,
        "svc_num": 30,
        "deployment": {
            "svc_a": 2,
            "svc_b": 7,
            "svc_c": 6,
            "svc_d": 6,
            "svc_e": 9
        }
    },
    "node_F": {
        "cpu_0": 4,
        "cpu_reserve": 1.3658000000000008,
        "mem_0": 4096,
        "mem_reserve": 1801.0878000000002,
        "svc_num": 26,
        "deployment": {
            "svc_a": 5,
            "svc_b": 9,
            "svc_c": 4,
            "svc_d": 6,
            "svc_e": 2
        }
    },
    "node_G": {
        "cpu_0": 4,
        "cpu_reserve": 2.0718000000000005,
        "mem_0": 4096,
        "mem_reserve": 2187.1683999999996,
        "svc_num": 19,
        "deployment": {
            "svc_a": 3,
            "svc_b": 6,
            "svc_c": 3,
            "svc_d": 2,
            "svc_e": 5
        }
    },
    "node_H": {
        "cpu_0": 4,
        "cpu_reserve": 1.6526000000000005,
        "mem_0": 4096,
        "mem_reserve": 2241.145500000002,
        "svc_num": 24,
        "deployment": {
            "svc_a": 4,
            "svc_b": 4,
            "svc_c": 6,
            "svc_d": 8,
            "svc_e": 2
        }
    },
    "node_I": {
        "cpu_0": 4,
        "cpu_reserve": 1.7457999999999996,
        "mem_0": 4096,
        "mem_reserve": 1729.4196000000009,
        "svc_num": 25,
        "deployment": {
            "svc_a": 4,
            "svc_b": 5,
            "svc_c": 4,
            "svc_d": 4,
            "svc_e": 8
        }
    },
    "node_J": {
        "cpu_0": 4,
        "cpu_reserve": 2.5785999999999993,
        "mem_0": 4096,
        "mem_reserve": 2855.5933000000014,
        "svc_num": 17,
        "deployment": {
            "svc_a": 5,
            "svc_b": 1,
            "svc_c": 4,
            "svc_d": 3,
            "svc_e": 4
        }
    }
}