{
    "node_A": {
        "cpu_0": 4,
        "cpu_reserve": 1.7748000000000008,
        "mem_0": 4096,
        "mem_reserve": 2038.3220000000003,
        "svc_num": 24,
        "deployment": {
            "svc_a": 8,
            "svc_b": 4,
            "svc_c": 5,
            "svc_d": 3,
            "svc_e": 4
        }
    },
    "node_B": {
        "cpu_0": 4,
        "cpu_reserve": 1.0435000000000008,
        "mem_0": 4096,
        "mem_reserve": 962.5679000000003,
        "svc_num": 32,
        "deployment": {
            "svc_a": 6,
            "svc_b": 5,
            "svc_c": 6,
            "svc_d": 4,
            "svc_e": 11
        }
    },
    "node_C": {
        "cpu_0": 4,
        "cpu_reserve": 2.256800000000001,
        "mem_0": 4096,
        "mem_reserve": 2221.999100000001,
        "svc_num": 31,
        "deployment": {
            "svc_a": 5,
            "svc_b": 3,
            "svc_c": 9,
            "svc_d": 4,
            "svc_e": 10
        }
    },
    "node_D": {
        "cpu_0": 4,
        "cpu_reserve": 1.1162000000000012,
        "mem_0": 4096,
        "mem_reserve": 1362.5090999999995,
        "svc_num": 27,
        "deployment": {
            "svc_a": 3,
            "svc_b": 7,
            "svc_c": 7,
            "svc_d": 5,
            "svc_e": 5
        }
    },
    "node_E": {
        "cpu_0": 4,
        "cpu_reserve": 1.046700000000003,
        "mem_0": 4096,
        "mem_reserve": 1275.2616999999998,
        "svc_num": 32,
        "deployment": {
            "svc_a": 6,
            "svc_b": 7,
            "svc_c": 9,
            "svc_d": 5,
            "svc_e": 5
        }
    },
    "node_F": {
        "cpu_0": 4,
        "cpu_reserve": 0.08300000000000005,
        "mem_0": 4096,
        "mem_reserve": 776.5388000000011,
        "svc_num": 33,
        "deployment": {
            "svc_a": 9,
            "svc_b": 8,
            "svc_c": 6,
            "svc_d": 5,
            "svc_e": 5
        }
    },
    "node_G": {
        "cpu_0": 4,
        "cpu_reserve": 1.160399999999999,
        "mem_0": 4096,
        "mem_reserve": 1734.2030000000009,
        "svc_num": 29,
        "deployment": {
            "svc_a": 5,
            "svc_b": 7,
            "svc_c": 3,
            "svc_d": 8,
            "svc_e": 6
        }
    },
    "node_H": {
        "cpu_0": 4,
        "cpu_reserve": 0.9306000000000009,
        "mem_0": 4096,
        "mem_reserve": 1818.6804000000002,
        "svc_num": 27,
        "deployment": {
            "svc_a": 9,
            "svc_b": 3,
            "svc_c": 4,
            "svc_d": 8,
            "svc_e": 3
        }
    },
    "node_I": {
        "cpu_0": 4,
        "cpu_reserve": 0.8390000000000003,
        "mem_0": 4096,
        "mem_reserve": 1390.7421000000008,
        "svc_num": 36,
        "deployment": {
            "svc_a": 7,
            "svc_b": 6,
            "svc_c": 6,
            "svc_d": 8,
            "svc_e": 9
        }
    },
    "node_J": {
        "cpu_0": 4,
        "cpu_reserve": 0.10069999999999985,
        "mem_0": 4096,
        "mem_reserve": 884.6877000000002,
        "svc_num": 29,
        "deployment": {
            "svc_a": 2,
            "svc_b": 10,
            "svc_c": 5,
            "svc_d": 10,
            "svc_e": 2
        }
    }
}