{
    "node_A": {
        "cpu_0": 4,
        "cpu_reserve": 1.6155000000000017,
        "mem_0": 4096,
        "mem_reserve": 1897.7566000000006,
        "svc_num": 40,
        "deployment": {
            "svc_a": 8,
            "svc_b": 8,
            "svc_c": 8,
            "svc_d": 8,
            "svc_e": 8
        }
    },
    "node_B": {
        "cpu_0": 4,
        "cpu_reserve": 1.0549000000000015,
        "mem_0": 4096,
        "mem_reserve": 1370.2645000000005,
        "svc_num": 40,
        "deployment": {
            "svc_a": 8,
            "svc_b": 8,
            "svc_c": 8,
            "svc_d": 8,
            "svc_e": 8
        }
    },
    "node_C": {
        "cpu_0": 4,
        "cpu_reserve": 0.9944000000000011,
        "mem_0": 4096,
        "mem_reserve": 1335.2029000000007,
        "svc_num": 40,
        "deployment": {
            "svc_a": 8,
            "svc_b": 8,
            "svc_c": 8,
            "svc_d": 8,
            "svc_e": 8
        }
    },
    "node_D": {
        "cpu_0": 4,
        "cpu_reserve": 1.6155000000000017,
        "mem_0": 4096,
        "mem_reserve": 1897.7566000000006,
        "svc_num": 40,
        "deployment": {
            "svc_a": 8,
            "svc_b": 8,
            "svc_c": 8,
            "svc_d": 8,
            "svc_e": 8
        }
    },
    "node_E": {
        "cpu_0": 4,
        "cpu_reserve": 1.0549000000000015,
        "mem_0": 4096,
        "mem_reserve": 1370.2645000000005,
        "svc_num": 40,
        "deployment": {
            "svc_a": 8,
            "svc_b": 8,
            "svc_c": 8,
            "svc_d": 8,
            "svc_e": 8
        }
    },
    "node_F": {
        "cpu_0": 4,
        "cpu_reserve": 0.9944000000000011,
        "mem_0": 4096,
        "mem_reserve": 1335.2029000000007,
        "svc_num": 40,
        "deployment": {
            "svc_a": 8,
            "svc_b": 8,
            "svc_c": 8,
            "svc_d": 8,
            "svc_e": 8
        }
    },
    "node_G": {
        "cpu_0": 4,
        "cpu_reserve": 1.6155000000000017,
        "mem_0": 4096,
        "mem_reserve": 1897.7566000000006,
        "svc_num": 40,
        "deployment": {
            "svc_a": 8,
            "svc_b": 8,
            "svc_c": 8,
            "svc_d": 8,
            "svc_e": 8
        }
    },
    "node_H": {
        "cpu_0": 4,
        "cpu_reserve": 1.0549000000000015,
        "mem_0": 4096,
        "mem_reserve": 1370.2645000000005,
        "svc_num": 40,
        "deployment": {
            "svc_a": 8,
            "svc_b": 8,
            "svc_c": 8,
            "svc_d": 8,
            "svc_e": 8
        }
    },
    "node_I": {
        "cpu_0": 4,
        "cpu_reserve": 0.9944000000000011,
        "mem_0": 4096,
        "mem_reserve": 1335.2029000000007,
        "svc_num": 40,
        "deployment": {
            "svc_a": 8,
            "svc_b": 8,
            "svc_c": 8,
            "svc_d": 8,
            "svc_e": 8
        }
    },
    "node_J": {
        "cpu_0": 4,
        "cpu_reserve": 1.6155000000000017,
        "mem_0": 4096,
        "mem_reserve": 1897.7566000000006,
        "svc_num": 40,
        "deployment": {
            "svc_a": 8,
            "svc_b": 8,
            "svc_c": 8,
            "svc_d": 8,
            "svc_e": 8
        }
    }
}