{
    "node_A": {
        "cpu_0": 4,
        "cpu_reserve": 0.8837999999999988,
        "mem_0": 4096,
        "mem_reserve": 1297.764400000001,
        "svc_num": 30,
        "deployment": {
            "svc_a": 6,
            "svc_b": 6,
            "svc_c": 6,
            "svc_d": 6,
            "svc_e": 6
        }
    },
    "node_B": {
        "cpu_0": 4,
        "cpu_reserve": 1.0822000000000018,
        "mem_0": 4096,
        "mem_reserve": 1562.7707999999998,
        "svc_num": 30,
        "deployment": {
            "svc_a": 6,
            "svc_b": 6,
            "svc_c": 6,
            "svc_d": 6,
            "svc_e": 6
        }
    },
    "node_C": {
        "cpu_0": 4,
        "cpu_reserve": 0.8837999999999991,
        "mem_0": 4096,
        "mem_reserve": 1297.764400000001,
        "svc_num": 30,
        "deployment": {
            "svc_a": 6,
            "svc_b": 6,
            "svc_c": 6,
            "svc_d": 6,
            "svc_e": 6
        }
    },
    "node_D": {
        "cpu_0": 4,
        "cpu_reserve": 1.0822000000000016,
        "mem_0": 4096,
        "mem_reserve": 1562.7708,
        "svc_num": 30,
        "deployment": {
            "svc_a": 6,
            "svc_b": 6,
            "svc_c": 6,
            "svc_d": 6,
            "svc_e": 6
        }
    },
    "node_E": {
        "cpu_0": 4,
        "cpu_reserve": 0.8837999999999995,
        "mem_0": 4096,
        "mem_reserve": 1297.764400000001,
        "svc_num": 30,
        "deployment": {
            "svc_a": 6,
            "svc_b": 6,
            "svc_c": 6,
            "svc_d": 6,
            "svc_e": 6
        }
    },
    "node_F": {
        "cpu_0": 4,
        "cpu_reserve": 1.2023000000000013,
        "mem_0": 4096,
        "mem_reserve": 1683.7646999999997,
        "svc_num": 25,
        "deployment": {
            "svc_a": 5,
            "svc_b": 5,
            "svc_c": 5,
            "svc_d": 5,
            "svc_e": 5
        }
    },
    "node_G": {
        "cpu_0": 4,
        "cpu_reserve": 1.624999999999999,
        "mem_0": 4096,
        "mem_reserve": 1981.3120000000008,
        "svc_num": 25,
        "deployment": {
            "svc_a": 5,
            "svc_b": 5,
            "svc_c": 5,
            "svc_d": 5,
            "svc_e": 5
        }
    },
    "node_H": {
        "cpu_0": 4,
        "cpu_reserve": 1.8158000000000019,
        "mem_0": 4096,
        "mem_reserve": 2174.5982,
        "svc_num": 25,
        "deployment": {
            "svc_a": 5,
            "svc_b": 5,
            "svc_c": 5,
            "svc_d": 5,
            "svc_e": 5
        }
    },
    "node_I": {
        "cpu_0": 4,
        "cpu_reserve": 1.5200999999999998,
        "mem_0": 4096,
        "mem_reserve": 1857.2791000000007,
        "svc_num": 25,
        "deployment": {
            "svc_a": 5,
            "svc_b": 5,
            "svc_c": 5,
            "svc_d": 5,
            "svc_e": 5
        }
    },
    "node_J": {
        "cpu_0": 4,
        "cpu_reserve": 1.6874000000000013,
        "mem_0": 4096,
        "mem_reserve": 2096.5641000000005,
        "svc_num": 25,
        "deployment": {
            "svc_a": 5,
            "svc_b": 5,
            "svc_c": 5,
            "svc_d": 5,
            "svc_e": 5
        }
    }
}