{
    "node_A": {
        "cpu_0": 4,
        "cpu_reserve": 1.624999999999999,
        "mem_0": 4096,
        "mem_reserve": 1981.3120000000008,
        "svc_num": 25,
        "deployment": {
            "svc_a": 5,
            "svc_b": 5,
            "svc_c": 5,
            "svc_d": 5,
            "svc_e": 5
        }
    },
    "node_B": {
        "cpu_0": 4,
        "cpu_reserve": 1.8158000000000019,
        "mem_0": 4096,
        "mem_reserve": 2174.5982,
        "svc_num": 25,
        "deployment": {
            "svc_a": 5,
            "svc_b": 5,
            "svc_c": 5,
            "svc_d": 5,
            "svc_e": 5
        }
    },
    "node_C": {
        "cpu_0": 4,
        "cpu_reserve": 1.5200999999999998,
        "mem_0": 4096,
        "mem_reserve": 1857.2791000000007,
        "svc_num": 25,
        "deployment": {
            "svc_a": 5,
            "svc_b": 5,
            "svc_c": 5,
            "svc_d": 5,
            "svc_e": 5
        }
    },
    "node_D": {
        "cpu_0": 4,
        "cpu_reserve": 1.6874000000000013,
        "mem_0": 4096,
        "mem_reserve": 2096.5641000000005,
        "svc_num": 25,
        "deployment": {
            "svc_a": 5,
            "svc_b": 5,
            "svc_c": 5,
            "svc_d": 5,
            "svc_e": 5
        }
    },
    "node_E": {
        "cpu_0": 4,
        "cpu_reserve": 1.064399999999999,
        "mem_0": 4096,
        "mem_reserve": 1453.8199000000006,
        "svc_num": 25,
        "deployment": {
            "svc_a": 5,
            "svc_b": 5,
            "svc_c": 5,
            "svc_d": 5,
            "svc_e": 5
        }
    },
    "node_F": {
        "cpu_0": 4,
        "cpu_reserve": 1.9359000000000013,
        "mem_0": 4096,
        "mem_reserve": 2295.5921,
        "svc_num": 20,
        "deployment": {
            "svc_a": 4,
            "svc_b": 4,
            "svc_c": 4,
            "svc_d": 4,
            "svc_e": 4
        }
    },
    "node_G": {
        "cpu_0": 4,
        "cpu_reserve": 2.2612999999999994,
        "mem_0": 4096,
        "mem_reserve": 2540.8267000000005,
        "svc_num": 20,
        "deployment": {
            "svc_a": 4,
            "svc_b": 4,
            "svc_c": 4,
            "svc_d": 4,
            "svc_e": 4
        }
    },
    "node_H": {
        "cpu_0": 4,
        "cpu_reserve": 2.4210000000000016,
        "mem_0": 4096,
        "mem_reserve": 2708.3915,
        "svc_num": 20,
        "deployment": {
            "svc_a": 4,
            "svc_b": 4,
            "svc_c": 4,
            "svc_d": 4,
            "svc_e": 4
        }
    },
    "node_I": {
        "cpu_0": 4,
        "cpu_reserve": 1.7006999999999994,
        "mem_0": 4096,
        "mem_reserve": 2013.3346000000004,
        "svc_num": 20,
        "deployment": {
            "svc_a": 4,
            "svc_b": 4,
            "svc_c": 4,
            "svc_d": 4,
            "svc_e": 4
        }
    },
    "node_J": {
        "cpu_0": 4,
        "cpu_reserve": 1.8075000000000008,
        "mem_0": 4096,
        "mem_reserve": 2217.5580000000004,
        "svc_num": 20,
        "deployment": {
            "svc_a": 4,
            "svc_b": 4,
            "svc_c": 4,
            "svc_d": 4,
            "svc_e": 4
        }
    }
}