{
    "node_A": {
        "cpu_0": 4,
        "cpu_reserve": 2.9581000000000004,
        "mem_0": 4096,
        "mem_reserve": 3135.4030000000002,
        "svc_num": 15,
        "deployment": {
            "svc_a": 3,
            "svc_b": 3,
            "svc_c": 3,
            "svc_d": 3,
            "svc_e": 3
        }
    },
    "node_B": {
        "cpu_0": 4,
        "cpu_reserve": 2.9581000000000004,
        "mem_0": 4096,
        "mem_reserve": 3135.4030000000002,
        "svc_num": 15,
        "deployment": {
            "svc_a": 3,
            "svc_b": 3,
            "svc_c": 3,
            "svc_d": 3,
            "svc_e": 3
        }
    },
    "node_C": {
        "cpu_0": 4,
        "cpu_reserve": 2.9581000000000004,
        "mem_0": 4096,
        "mem_reserve": 3135.4030000000002,
        "svc_num": 15,
        "deployment": {
            "svc_a": 3,
            "svc_b": 3,
            "svc_c": 3,
            "svc_d": 3,
            "svc_e": 3
        }
    },
    "node_D": {
        "cpu_0": 4,
        "cpu_reserve": 2.9581000000000004,
        "mem_0": 4096,
        "mem_reserve": 3135.4030000000002,
        "svc_num": 15,
        "deployment": {
            "svc_a": 3,
            "svc_b": 3,
            "svc_c": 3,
            "svc_d": 3,
            "svc_e": 3
        }
    },
    "node_E": {
        "cpu_0": 4,
        "cpu_reserve": 2.9581000000000004,
        "mem_0": 4096,
        "mem_reserve": 3135.4030000000002,
        "svc_num": 15,
        "deployment": {
            "svc_a": 3,
            "svc_b": 3,
            "svc_c": 3,
            "svc_d": 3,
            "svc_e": 3
        }
    },
    "node_F": {
        "cpu_0": 4,
        "cpu_reserve": 2.9581000000000004,
        "mem_0": 4096,
        "mem_reserve": 3135.4030000000002,
        "svc_num": 15,
        "deployment": {
            "svc_a": 3,
            "svc_b": 3,
            "svc_c": 3,
            "svc_d": 3,
            "svc_e": 3
        }
    },
    "node_G": {
        "cpu_0": 4,
        "cpu_reserve": 2.9581000000000004,
        "mem_0": 4096,
        "mem_reserve": 3135.4030000000002,
        "svc_num": 15,
        "deployment": {
            "svc_a": 3,
            "svc_b": 3,
            "svc_c": 3,
            "svc_d": 3,
            "svc_e": 3
        }
    },
    "node_H": {
        "cpu_0": 4,
        "cpu_reserve": 2.9581000000000004,
        "mem_0": 4096,
        "mem_reserve": 3135.4030000000002,
        "svc_num": 15,
        "deployment": {
            "svc_a": 3,
            "svc_b": 3,
            "svc_c": 3,
            "svc_d": 3,
            "svc_e": 3
        }
    },
    "node_I": {
        "cpu_0": 4,
        "cpu_reserve": 2.9581000000000004,
        "mem_0": 4096,
        "mem_reserve": 3135.4030000000002,
        "svc_num": 15,
        "deployment": {
            "svc_a": 3,
            "svc_b": 3,
            "svc_c": 3,
            "svc_d": 3,
            "svc_e": 3
        }
    },
    "node_J": {
        "cpu_0": 4,
        "cpu_reserve": 2.9581000000000004,
        "mem_0": 4096,
        "mem_reserve": 3135.4030000000002,
        "svc_num": 15,
        "deployment": {
            "svc_a": 3,
            "svc_b": 3,
            "svc_c": 3,
            "svc_d": 3,
            "svc_e": 3
        }
    }
}