{
    "node_A": {
        "cpu_0": 4,
        "cpu_reserve": 0.8837999999999988,
        "mem_0": 4096,
        "mem_reserve": 1297.764400000001,
        "svc_num": 30,
        "deployment": {
            "svc_a": 6,
            "svc_b": 6,
            "svc_c": 6,
            "svc_d": 6,
            "svc_e": 6
        }
    },
    "node_B": {
        "cpu_0": 4,
        "cpu_reserve": 1.0822000000000018,
        "mem_0": 4096,
        "mem_reserve": 1562.7707999999998,
        "svc_num": 30,
        "deployment": {
            "svc_a": 6,
            "svc_b": 6,
            "svc_c": 6,
            "svc_d": 6,
            "svc_e": 6
        }
    },
    "node_C": {
        "cpu_0": 4,
        "cpu_reserve": 0.8837999999999991,
        "mem_0": 4096,
        "mem_reserve": 1297.764400000001,
        "svc_num": 30,
        "deployment": {
            "svc_a": 6,
            "svc_b": 6,
            "svc_c": 6,
            "svc_d": 6,
            "svc_e": 6
        }
    },
    "node_D": {
        "cpu_0": 4,
        "cpu_reserve": 1.0822000000000016,
        "mem_0": 4096,
        "mem_reserve": 1562.7708,
        "svc_num": 30,
        "deployment": {
            "svc_a": 6,
            "svc_b": 6,
            "svc_c": 6,
            "svc_d": 6,
            "svc_e": 6
        }
    },
    "node_E": {
        "cpu_0": 4,
        "cpu_reserve": 0.8837999999999995,
        "mem_0": 4096,
        "mem_reserve": 1297.764400000001,
        "svc_num": 30,
        "deployment": {
            "svc_a": 6,
            "svc_b": 6,
            "svc_c": 6,
            "svc_d": 6,
            "svc_e": 6
        }
    },
    "node_F": {
        "cpu_0": 4,
        "cpu_reserve": 1.0822000000000016,
        "mem_0": 4096,
        "mem_reserve": 1562.7707999999998,
        "svc_num": 30,
        "deployment": {
            "svc_a": 6,
            "svc_b": 6,
            "svc_c": 6,
            "svc_d": 6,
            "svc_e": 6
        }
    },
    "node_G": {
        "cpu_0": 4,
        "cpu_reserve": 0.8837999999999988,
        "mem_0": 4096,
        "mem_reserve": 1297.764400000001,
        "svc_num": 30,
        "deployment": {
            "svc_a": 6,
            "svc_b": 6,
            "svc_c": 6,
            "svc_d": 6,
            "svc_e": 6
        }
    },
    "node_H": {
        "cpu_0": 4,
        "cpu_reserve": 1.0822000000000018,
        "mem_0": 4096,
        "mem_reserve": 1562.7707999999998,
        "svc_num": 30,
        "deployment": {
            "svc_a": 6,
            "svc_b": 6,
            "svc_c": 6,
            "svc_d": 6,
            "svc_e": 6
        }
    },
    "node_I": {
        "cpu_0": 4,
        "cpu_reserve": 0.8837999999999991,
        "mem_0": 4096,
        "mem_reserve": 1297.764400000001,
        "svc_num": 30,
        "deployment": {
            "svc_a": 6,
            "svc_b": 6,
            "svc_c": 6,
            "svc_d": 6,
            "svc_e": 6
        }
    },
    "node_J": {
        "cpu_0": 4,
        "cpu_reserve": 1.0822000000000016,
        "mem_0": 4096,
        "mem_reserve": 1562.7708,
        "svc_num": 30,
        "deployment": {
            "svc_a": 6,
            "svc_b": 6,
            "svc_c": 6,
            "svc_d": 6,
            "svc_e": 6
        }
    }
}