{
    "node_A": {
        "cpu_0": 4,
        "cpu_reserve": 3.0969999999999995,
        "mem_0": 4096,
        "mem_reserve": 3315.7225000000003,
        "svc_num": 25,
        "deployment": {
            "svc_a": 5,
            "svc_b": 5,
            "svc_c": 5,
            "svc_d": 5,
            "svc_e": 5
        }
    },
    "node_B": {
        "cpu_0": 4,
        "cpu_reserve": 3.399500000000003,
        "mem_0": 4096,
        "mem_reserve": 3491.0305000000003,
        "svc_num": 25,
        "deployment": {
            "svc_a": 5,
            "svc_b": 5,
            "svc_c": 5,
            "svc_d": 5,
            "svc_e": 5
        }
    },
    "node_C": {
        "cpu_0": 4,
        "cpu_reserve": 0.2939999999999996,
        "mem_0": 4096,
        "mem_reserve": 678.2619999999997,
        "svc_num": 25,
        "deployment": {
            "svc_a": 5,
            "svc_b": 5,
            "svc_c": 5,
            "svc_d": 5,
            "svc_e": 5
        }
    },
    "node_D": {
        "cpu_0": 4,
        "cpu_reserve": 0.3320000000000004,
        "mem_0": 4096,
        "mem_reserve": 1036.8630000000005,
        "svc_num": 25,
        "deployment": {
            "svc_a": 5,
            "svc_b": 5,
            "svc_c": 5,
            "svc_d": 5,
            "svc_e": 5
        }
    },
    "node_E": {
        "cpu_0": 4,
        "cpu_reserve": 0.8184999999999976,
        "mem_0": 4096,
        "mem_reserve": 1298.4265000000014,
        "svc_num": 25,
        "deployment": {
            "svc_a": 5,
            "svc_b": 5,
            "svc_c": 5,
            "svc_d": 5,
            "svc_e": 5
        }
    },
    "node_F": {
        "cpu_0": 4,
        "cpu_reserve": 3.0969999999999995,
        "mem_0": 4096,
        "mem_reserve": 3315.7225000000003,
        "svc_num": 25,
        "deployment": {
            "svc_a": 5,
            "svc_b": 5,
            "svc_c": 5,
            "svc_d": 5,
            "svc_e": 5
        }
    },
    "node_G": {
        "cpu_0": 4,
        "cpu_reserve": 3.399500000000003,
        "mem_0": 4096,
        "mem_reserve": 3491.0305000000003,
        "svc_num": 25,
        "deployment": {
            "svc_a": 5,
            "svc_b": 5,
            "svc_c": 5,
            "svc_d": 5,
            "svc_e": 5
        }
    },
    "node_H": {
        "cpu_0": 4,
        "cpu_reserve": 0.2939999999999996,
        "mem_0": 4096,
        "mem_reserve": 678.2619999999997,
        "svc_num": 25,
        "deployment": {
            "svc_a": 5,
            "svc_b": 5,
            "svc_c": 5,
            "svc_d": 5,
            "svc_e": 5
        }
    },
    "node_I": {
        "cpu_0": 4,
        "cpu_reserve": 0.3320000000000004,
        "mem_0": 4096,
        "mem_reserve": 1036.8630000000005,
        "svc_num": 25,
        "deployment": {
            "svc_a": 5,
            "svc_b": 5,
            "svc_c": 5,
            "svc_d": 5,
            "svc_e": 5
        }
    },
    "node_J": {
        "cpu_0": 4,
        "cpu_reserve": 0.8184999999999976,
        "mem_0": 4096,
        "mem_reserve": 1298.4265000000014,
        "svc_num": 25,
        "deployment": {
            "svc_a": 5,
            "svc_b": 5,
            "svc_c": 5,
            "svc_d": 5,
            "svc_e": 5
        }
    }
}